,x,y,c
0,-0.9513684748208321,2.439379914286831,darkred
1,-1.71942781034742,2.994026366593698,darkred
2,0.09982388704915353,0.5704376010950671,darkred
3,0.17256298252476082,1.107745814251618,darkred
4,-2.6442542277346117,2.972874871463924,darkred
5,-0.19234035757470622,1.4473531416215817,darkred
6,-0.47458788236951355,1.7091130986396101,darkred
7,-0.2769686307797997,1.4633027456032834,darkred
8,-3.613415053492731,3.810241428836134,darkred
9,-3.7852594862479174,3.5259450918247404,darkred
10,-0.8905833124359278,2.6664231738108697,darkred
11,-3.600872834442057,3.41835756804359,darkred
12,-3.429886336430162,3.353827052950228,darkred
13,-0.5868872820898738,1.9976777043504361,darkred
14,-3.7400668332785973,3.4486691525537494,darkred
15,-2.3239575360438436,3.0705934601202385,darkred
16,-1.6933850790132643,2.6948501021510998,darkred
17,-3.8255059776169755,3.3517886560260504,darkred
18,-4.145613836679823,3.4585324975182887,darkred
19,-2.5320718023921502,3.5136936646142023,darkred
20,-0.31214127947079273,2.121659562808099,darkred
21,-3.5739039328835167,3.7660391649689515,darkred
22,-1.955914950066155,3.2080985395760235,darkred
23,0.04923860177047495,1.2624916138649653,darkred
24,-0.7974813417725187,1.5021134788114745,darkred
25,-0.7321036346439704,2.302319988657536,darkred
26,-2.864139830369829,3.480055905797592,darkred
27,-4.0138121510198985,3.4613761410137713,darkred
28,-0.3835161030538026,1.2653845539150261,darkred
29,-3.3039900842964993,3.2607930530816076,darkred
30,-1.5406969358458296,2.586351476823811,darkred
31,-4.322865892108806,3.8248258075661794,darkred
32,-0.35591424820953493,2.319432666235204,darkred
33,-1.229983233043011,2.1291882388841863,darkred
34,-0.3726649532150282,1.8476357800978789,darkred
35,-0.9785092694563915,1.8103098316075807,darkred
36,-0.06875997582663773,0.8486798235205266,darkred
37,0.24802327490465234,0.5439085721489674,darkred
38,-0.2896131413288539,0.33942451145766095,darkred
39,0.08539825959806445,0.983000938766019,darkred
40,-1.5844140171139032,3.079172625811198,darkred
41,-0.0033629096280516826,0.6841163785522932,darkred
42,-4.036662035852138,3.703471255698995,darkred
43,-4.029085497047855,3.8451422284353103,darkred
44,0.09321426505348859,0.983761511662502,darkred
45,-2.5792770501242703,3.0299249262214842,darkred
46,-3.323045852699915,3.5863699772834297,darkred
47,-0.6516929013832069,2.409586265366422,darkred
48,-3.3307022959169057,3.619733373422179,darkred
49,-0.39605117289704983,1.4703306319624785,darkred
50,-0.726487713286865,2.4485326268169123,darkred
51,-4.328738268490406,3.9169041708107897,darkred
52,0.031239042607961454,0.9091178455183948,darkred
53,-0.22203613648870874,1.7071493101922117,darkred
54,-2.718893274079805,3.7732503635844816,darkred
55,-0.1951204942958296,1.6057735962875195,darkred
56,-0.00872461571487021,1.2317692623577574,darkred
57,-0.20585792031158273,0.23941471634387457,darkred
58,-2.785308619069727,3.0459584357067717,darkred
59,-5.467873057464627,2.9605765784669513,darkred
60,-5.0644535809291265,3.1110813598559033,darkred
61,-4.298786640756259,3.555106553814689,darkred
62,-0.948356658560973,2.3544487669674083,darkred
63,-5.100826749617105,3.7677852817454762,darkred
64,-0.8882355662099212,2.316330764835415,darkred
65,-0.13195363428954274,1.2527853531777615,darkred
66,-2.9324763766652424,3.366720801269374,darkred
67,-3.9802444460547517,3.655325953234121,darkred
68,-0.5280129711827943,1.9425056848359101,darkred
69,-1.0330211471482575,2.636616984169983,darkred
70,-4.9051269742494465,3.568976777343028,darkred
71,-3.2975443063621954,3.3729230103596737,darkred
72,-5.087870224570234,3.3129026044852123,darkred
73,-1.5292521948812414,2.9908399601498,darkred
74,-0.07356304533159409,0.3350849995767202,darkred
75,-4.487810602411403,3.3851331938433695,darkred
76,-1.479235042889652,2.29122221327993,darkred
77,-0.08545654574425214,0.3090970724655394,darkred
78,0.03126576618640106,0.48202974573632296,darkred
79,-3.7456310026740423,3.7023929551397994,darkred
80,-3.2468451425936826,3.7128130004794255,darkred
81,-3.2736292918872256,3.3643278972475534,darkred
82,-4.472407688120025,3.5212427900564425,darkred
83,-0.9789578862484295,3.0044679058210586,darkred
84,0.109793675753582,0.6600273315196075,darkred
85,-0.5105026248759974,1.7417663687478067,darkred
86,0.23915970146336363,0.7249774332048635,darkred
87,-2.0394162148145853,3.239878389777477,darkred
88,0.07254950631989154,0.5016285501696425,darkred
89,-1.5756282108724924,3.03861143877913,darkred
90,-0.1326710875518641,1.2520652851169236,darkred
91,-3.5476517957831555,3.6250705341462464,darkred
92,-4.073089971177766,3.882711122174022,darkred
93,-2.0348600014213116,3.1264496213968407,darkred
94,-3.6516635852450436,3.4046227284670754,darkred
95,-0.07792093304026623,0.44571243369682534,darkred
96,-1.9697935539140747,3.2689208718622993,darkred
97,-0.6890322921158807,2.3225473977735076,darkred
98,-0.5370674995092481,2.02267196136966,darkred
99,-1.5042062331654351,2.768522163190802,darkred
100,-1.878056082588665,2.8147209739766,darkred
101,-0.898486414640957,1.9575323097647037,darkred
102,-0.2550592082021097,0.46137925927830137,darkred
103,-0.5123860137539002,1.381287573267895,darkred
104,-2.406908441607306,3.489720571108741,darkred
105,-1.5620468026883536,2.9281668759751454,darkred
106,-3.9920208387427043,3.6352532892712937,darkred
107,-0.4750569492447223,1.9378242877012972,darkred
108,-2.9932261139817067,3.3943220062840687,darkred
109,-1.6048825916501404,3.284270968406055,darkred
110,-2.0533905327839577,2.7955831631316608,darkred
111,-1.0433758168288296,2.7315097893169673,darkred
112,0.29297537961878783,0.44287385349619557,darkred
113,-3.170135923563045,3.2979999676875975,darkred
114,0.03242667167157903,1.389800162449532,darkred
115,-0.2668892537718597,0.9042214557218278,darkred
116,-0.6616648366574036,2.2078842231991853,darkred
117,-2.7794045825666096,3.413714296777447,darkred
118,-2.2468965388514217,3.3752532042364756,darkred
119,-0.3598991768027475,0.550092146361744,darkred
120,-0.09428412933247125,0.6599694675274084,darkred
121,-1.4968508619253682,3.1196250855137087,darkred
122,-4.216042592146925,3.6137801363060738,darkred
123,-0.01209770120536766,0.07940016824744178,darkred
124,-0.057025517103980995,0.708908660290552,darkred
125,-2.955811040036122,3.37003369599601,darkred
126,-2.1374223091571625,3.110644854375562,darkred
127,-2.6741623011624127,3.3649720339492113,darkred
128,-3.834487148954965,3.5072587078464923,darkred
129,-0.7015884945699861,2.3363335208830893,darkred
130,-3.2927283339270286,3.454748871063898,darkred
131,-4.310893058851716,3.706001443611185,darkred
132,-3.0485963422735463,3.2845368478533645,darkred
133,0.15013805214235795,0.4133946747878781,darkred
134,-2.086814468878171,3.2241276714448386,darkred
135,-1.7461628747388642,2.630869786960009,darkred
136,-5.094123168795981,3.3925433751979575,darkred
137,-2.9311391466300525,3.285561773580303,darkred
138,-0.26303941419184984,0.7537592793248445,darkred
139,-0.2917151761652263,2.089285873099694,darkred
140,-0.2962515074235395,0.9476363689176727,darkred
141,-3.817830980735038,3.5955635083427016,darkred
142,-0.07696126303056353,0.9917743866999066,darkred
143,-3.974463287598751,3.109864278007816,darkred
144,0.12449400181590617,0.04942516609054037,darkred
145,-3.532050605854119,3.806611489810607,darkred
146,-4.592729057104061,3.355694269037322,darkred
147,-0.06887024829324044,0.8007407189072487,darkred
148,-0.07227551400274664,1.1294480524276331,darkred
149,-0.7597125892831927,2.1236442732339578,darkred
150,1.674513952056365,2.198047495189256,darkblue
151,1.4484226725473064,2.99603208242319,darkblue
152,0.41173110504099053,0.404630388030036,darkblue
153,1.0661193704155458,0.7481730534783018,darkblue
154,1.656121822075401,3.9125280683114307,darkblue
155,0.9459490828125402,1.0445439127860654,darkblue
156,0.9908579075692412,1.2804073342464157,darkblue
157,1.3347678322699368,1.034376262672515,darkblue
158,0.8772360666262248,4.990850233629412,darkblue
159,0.8272422599496265,4.880224352281211,darkblue
160,1.641991521267404,2.393767892641838,darkblue
161,1.1208928710158657,4.943939821463579,darkblue
162,1.0763560924066946,4.555739090831718,darkblue
163,1.2263121734870237,1.5796928088228106,darkblue
164,0.8560364018601515,4.778576233773382,darkblue
165,1.4139318606205276,3.4576863229461186,darkblue
166,1.6476546609278586,2.79850933248179,darkblue
167,0.945212811485952,4.959651968717986,darkblue
168,0.8043851100720132,5.403942915553013,darkblue
169,1.632762180726381,4.300584205576476,darkblue
170,1.501440273890763,1.7037077284164428,darkblue
171,0.8123747615570691,4.810326450627212,darkblue
172,1.5048696390138945,3.3895287992128336,darkblue
173,0.6780349666226656,0.9742876944132107,darkblue
174,0.847152664551927,1.074086781158882,darkblue
175,1.4407912231909241,1.936075648433245,darkblue
176,1.3589892360244142,4.330898333380858,darkblue
177,0.9256262383517601,5.385065180385775,darkblue
178,1.0287833603451082,0.8384777288881811,darkblue
179,1.0587250482539394,4.275731992698014,darkblue
180,1.5309157889802996,2.5371205067137477,darkblue
181,0.7211135187452218,5.976188009825661,darkblue
182,1.6360625948419194,1.921997499467929,darkblue
183,1.3885677855133867,1.8852870781853048,darkblue
184,1.4420396164523837,1.4297813843559513,darkblue
185,1.1903589355619104,1.4432568931695773,darkblue
186,1.035411500014324,0.4506432463747727,darkblue
187,0.9212804464388122,0.24184704462844336,darkblue
188,0.14316186822207544,0.12186848242151044,darkblue
189,0.9763407393083907,0.624004879502816,darkblue
190,1.6803512096357067,3.1365281730153716,darkblue
191,0.3619984765110659,0.4946200566047759,darkblue
192,0.8306226030362069,5.485351393658064,darkblue
193,0.8857247685533178,5.7191699396053055,darkblue
194,0.97368582214266,0.6271005416435694,darkblue
195,1.2938492647846958,3.531761550716486,darkblue
196,1.314102098332422,4.977907015078433,darkblue
197,1.5310651709752379,2.045344670748438,darkblue
198,1.426925895172205,5.2052295860584366,darkblue
199,0.752980637603878,1.0661012419965585,darkblue
200,1.5857955054035309,2.113516195972542,darkblue
201,0.6273493387219008,5.874958419451402,darkblue
202,0.9114517443412987,0.5525151076781614,darkblue
203,1.5869176977276007,1.28880019123988,darkblue
204,1.646642138172368,4.791675574483007,darkblue
205,1.3612813579902723,1.1761181323380088,darkblue
206,1.2652320951990148,0.813896166885443,darkblue
207,0.3169908110204484,-0.01257907801211633,darkblue
208,1.233105359787638,3.6828961896896146,darkblue
209,-0.19529646417746377,5.753223250636628,darkblue
210,0.21788652996016608,5.938080294340098,darkblue
211,0.6897219148210026,5.582034724341424,darkblue
212,1.6799657701860569,2.1139753597234012,darkblue
213,0.07823688660870984,6.266450501604226,darkblue
214,1.257822438894347,1.9447959240598736,darkblue
215,1.3805299921811272,0.8232540143478292,darkblue
216,1.2143734036055378,4.134389343388668,darkblue
217,0.7755405247457036,5.237694568355999,darkblue
218,1.5589926188278516,1.560145227506491,darkblue
219,1.636364597946757,2.410908062552587,darkblue
220,0.3490251939928146,6.2989581881284105,darkblue
221,1.0806334102886392,4.407063800359469,darkblue
222,0.18250934625559997,6.097932219928804,darkblue
223,1.7238406379676423,3.041325106219976,darkblue
224,0.27333229885618476,0.15362610709918886,darkblue
225,0.6242984423971839,5.702660198298149,darkblue
226,1.1372014649862843,2.0465836100349266,darkblue
227,0.2699175000455647,0.12392878232896551,darkblue
228,0.6432585361764677,0.19926672954234825,darkblue
229,1.1596141073676651,5.557494996724448,darkblue
230,1.3450474303537927,5.036514635373559,darkblue
231,1.1225595562077557,4.4211095850324105,darkblue
232,0.6353907475801069,5.827761255094789,darkblue
233,1.8655170939752512,2.848344193788352,darkblue
234,0.9129512841733194,0.3218529001160246,darkblue
235,0.8363149359108992,1.3183477649727022,darkblue
236,0.8799832823209738,0.43294801499539054,darkblue
237,1.5754180722382534,3.530999650418271,darkblue
238,0.7902315827488309,0.18649102950923718,darkblue
239,1.9056864310895154,3.2340191842092993,darkblue
240,0.8683693549559259,0.8709062223866735,darkblue
241,1.2077460041436652,5.20678287069905,darkblue
242,0.7870736208427738,5.651177615023032,darkblue
243,1.5756660361702441,3.414348924447777,darkblue
244,0.8732130319890936,4.6323352321504725,darkblue
245,0.4117914997936538,0.20598929474409916,darkblue
246,1.8856396307612444,3.755164691882837,darkblue
247,1.729444403431785,2.015582389270468,darkblue
248,1.541181730856629,1.6388015608884052,darkblue
249,1.4662383404338457,2.669296490404258,darkblue
250,1.4303155881165808,2.8982471501037272,darkblue
251,1.2819238743088952,1.5928111459264607,darkblue
252,0.3348805681923422,0.1859281320910541,darkblue
253,0.9224470960005139,0.9535054782088664,darkblue
254,1.429776754394878,3.959636968365905,darkblue
255,1.399129997379465,2.8245550363797136,darkblue
256,0.7825877136813377,5.249815724919084,darkblue
257,1.4554042114639043,1.5321686619687709,darkblue
258,1.2812237071750556,4.3036319889414205,darkblue
259,1.6300822935660226,3.3241977369204454,darkblue
260,1.3495042827438943,2.93862490686515,darkblue
261,1.8721568072474264,2.6067627639966413,darkblue
262,0.7443273443681919,0.21793327549606226,darkblue
263,1.153407861746604,4.265242030754608,darkblue
264,1.1077174968729806,0.9961169058745658,darkblue
265,0.9357857890298041,0.4934881280809095,darkblue
266,1.3469502090476397,1.8128799242702485,darkblue
267,1.632149883303543,4.490049002113257,darkblue
268,1.7242529875552122,3.9668193127098155,darkblue
269,0.12115615464378832,0.31365062828158347,darkblue
270,0.6331359406539091,0.3420673524007536,darkblue
271,1.7544525350178082,3.16906196027419,darkblue
272,0.6856983068837081,5.461997904574477,darkblue
273,0.34065650209142617,-0.10462540361847947,darkblue
274,0.5232427953381089,0.4367259227947969,darkblue
275,1.3952220046629997,4.370607279760413,darkblue
276,1.5858920723379646,3.4859638476172328,darkblue
277,1.5739984384985868,4.244071600755503,darkblue
278,0.7946178923762508,4.886553014717044,darkblue
279,1.5728249234245943,1.9922082615182386,darkblue
280,1.0650347980022465,4.463583594641244,darkblue
281,0.7570554194409511,5.914002997116215,darkblue
282,1.2961116590038804,4.277382872647149,darkblue
283,0.566477057153063,0.20249638924225882,darkblue
284,1.5326118731739384,3.518693189573864,darkblue
285,1.0975503183969155,2.474419653337299,darkblue
286,0.10134772170443995,5.9388781620251,darkblue
287,1.2252732623449558,4.06342193590907,darkblue
288,0.5066666077892857,0.42427161957126114,darkblue
289,1.352137908075358,1.66123379410961,darkblue
290,0.5233143961766299,0.6053539103302455,darkblue
291,0.84798901253276,5.03142706660984,darkblue
292,0.7905247837234137,0.6380647942097931,darkblue
293,0.6185282716006555,4.4351834856185945,darkblue
294,0.507241696619102,-0.1474993915960477,darkblue
295,1.0502354871451185,5.116234916906373,darkblue
296,0.5004282031299452,5.625349828486441,darkblue
297,0.6124561747047914,0.49624722678875355,darkblue
298,0.8601809632885884,0.7615850071228599,darkblue
299,1.7304708255809602,1.8377328842583165,darkblue
300,2.8902100538726323,-0.14194883906400382,darkred
301,3.161707344775114,0.3314615097451843,darkred
302,0.4407333352728121,0.05258349458914735,darkred
303,1.2463399020981263,-0.19800671199473976,darkred
304,4.770315818817033,0.8015831876065849,darkred
305,1.2220172137211927,-0.13093237877781677,darkred
306,1.4218981852411443,-0.1843534908365408,darkred
307,1.8446635697055282,-0.5536031739161484,darkred
308,4.296993275318114,1.8499832727122678,darkred
309,4.458974292242197,1.7306581726942516,darkred
310,2.7809160357425564,0.11536337610304712,darkred
311,4.9558069706346535,1.794986592574081,darkred
312,4.522463373676699,1.4132626819732843,darkred
313,1.8542658586596203,-0.17190012558625284,darkred
314,4.458399799150514,1.6296405807957552,darkred
315,3.7592495332125586,0.5215080176018791,darkred
316,3.540052371045931,0.043128653403403105,darkred
317,4.875813499054093,1.8139627863782484,darkred
318,5.115887375366113,2.289772161755757,darkred
319,4.545177143802856,1.2211560259880752,darkred
320,2.1296282273641207,-0.04818886718377069,darkred
321,4.061028705028832,1.683631026404337,darkred
322,3.5274078318573063,0.5754061704676768,darkred
323,0.7752598565472448,0.2894565557973938,darkred
324,1.3755801636803828,-0.541088827506327,darkred
325,2.3066273396392893,-0.09023498900743776,darkred
326,4.35671482403082,1.236969884464926,darkred
327,5.213144700247394,2.268044718229235,darkred
328,1.4326223105193248,-0.5805900333746151,darkred
329,4.269951763255667,1.1530076430645908,darkred
330,3.1490887940362136,-0.0741520844647541,darkred
331,5.256696096194846,2.8942116462619265,darkred
332,2.3779021152016075,0.031071646593449742,darkred
333,2.598141188983697,-0.44992798569858916,darkred
334,2.070916330021868,-0.32300755055397756,darkred
335,2.0533390302733325,-0.5801023202394374,darkred
336,1.2970616639246206,-0.6935450932496221,darkred
337,1.0308668376257075,-0.4878838703647766,darkred
338,0.19392411780060392,-0.35984515520930493,darkred
339,1.1556342479613968,-0.3196637649237054,darkred
340,3.4925744185567322,0.42031229690454536,darkred
341,0.39994841927055935,0.08479375149773954,darkred
342,4.9598281512422036,2.3524265425522644,darkred
343,5.118148031637541,2.596041198871869,darkred
344,1.14928677700488,-0.3064954711099942,darkred
345,3.8087893022750605,0.5437816216083935,darkred
346,4.990501870516937,1.827732232244893,darkred
347,2.4039156572916083,0.011816512538407209,darkred
348,5.33163243673714,2.0584707663854434,darkred
349,1.0336578714704547,-0.11918175865951564,darkred
350,2.5532208542927166,-0.013213191302566346,darkred
351,4.952780737894122,2.762495725371681,darkred
352,1.0869618397466325,-0.3808316228237791,darkred
353,2.2122709804453504,-0.4594169667379876,darkred
354,4.862326252929208,1.668461681724143,darkred
355,1.8406662612602085,-0.36569270496277767,darkred
356,1.6019257585101656,-0.48387923829384116,darkred
357,0.3874417198771621,-0.5886939430266436,darkred
358,3.9402283376023104,0.6456563587060931,darkred
359,5.0034199724930835,2.825376468656478,darkred
360,5.450784649704706,3.020578402128417,darkred
361,5.090625834030341,2.4795034817218933,darkred
362,2.897703044189302,-0.2276100392209496,darkred
363,4.979051194759132,3.2584533031287286,darkred
364,2.104706739221124,-0.061790750131461375,darkred
365,1.8362902244599586,-0.6815338451367059,darkred
366,4.100896706117794,1.0597086583832926,darkred
367,4.676619387577947,2.0907969169256715,darkred
368,2.364861320889717,-0.40259965838723377,darkred
369,2.8887123627198172,0.04274635999043486,darkred
370,5.48505587211702,3.352756840011549,darkred
371,4.316372395086736,1.281702938894493,darkred
372,5.373629194399611,3.1678186552898033,darkred
373,3.5239759823408545,0.33121911732492215,darkred
374,0.3080682602605451,-0.2363189178256647,darkred
375,5.336514477914095,2.6531339503363123,darkred
376,2.3450118569546343,-0.28725059637240763,darkred
377,0.3061131729750755,-0.2751550200914098,darkred
378,0.7359827672727357,-0.4684849389803402,darkred
379,5.370943893022989,2.4321894739424126,darkred
380,4.939914094122287,1.887769315498106,darkred
381,4.38708165541255,1.2928258083338178,darkred
382,5.336014384551979,2.7759143203936256,darkred
383,3.2710199110583114,0.3704470293061449,darkred
384,1.0623352201480205,-0.5366973486698896,darkred
385,1.2077091000831413,-0.043734182226373874,darkred
386,0.9804874585794167,-0.26407060271689486,darkred
387,3.7734914667540407,0.646514971386028,darkred
388,0.9128177836635913,-0.587687143200784,darkred
389,3.951078707580321,0.41017317945179366,darkred
390,1.0884995224260694,-0.17738138509858217,darkred
391,5.108063438286292,2.059856423500888,darkred
392,4.901144457845275,2.5169974948548886,darkred
393,3.7687004897416982,0.5317486812173096,darkred
394,4.351098751584962,1.4881187455955263,darkred
395,0.4746641906503266,-0.33561247313143683,darkred
396,4.3778991366513,0.7736481902842803,darkred
397,2.777850790717931,-0.1853494793819985,darkred
398,2.341048778260436,-0.3173909281983709,darkred
399,2.9876808684051213,0.11614170993251162,darkred
400,3.2881212841503857,0.159477767806673,darkred
401,2.1531023042518687,-0.43900053302215547,darkred
402,0.4218422584409011,-0.4593159517021835,darkred
403,1.3377245129242712,-0.4849966040606538,darkred
404,3.898167626262378,0.985074611091365,darkred
405,2.9118742938372217,0.27682896238769855,darkred
406,4.720927166932171,2.104472971187201,darkred
407,2.1570893891056486,-0.31143506203777926,darkred
408,4.355876768466044,1.1981087687993863,darkred
409,3.411538497672778,0.6236411742328254,darkred
410,3.308461675168388,0.15247343921984713,darkred
411,3.3424548046214655,0.08602555014487992,darkred
412,0.7989128819873805,-0.2834022197533819,darkred
413,4.303334669827891,1.1497085008778003,darkred
414,1.3574265715956364,-0.12141709507168583,darkred
415,1.2399737101621788,-0.740448188610568,darkred
416,2.099824893420428,-0.09073308987826467,darkred
417,4.921427358157917,1.3594000443626684,darkred
418,4.367659949495923,0.9448367423866011,darkred
419,0.18211278240612716,-0.21889337263949624,darkred
420,0.7586572759141745,-0.4417987761030052,darkred
421,3.552738953153648,0.4598953463671583,darkred
422,4.889341843002392,2.3359214849359113,darkred
423,0.3763982323495093,-0.5008872712796179,darkred
424,0.6077292264045221,-0.19861398621512372,darkred
425,4.588048830525406,1.249951433204398,darkred
426,3.9134274609919646,0.5556885457557071,darkred
427,4.609026260060611,1.1443471225638422,darkred
428,4.456370159055625,1.736531331281824,darkred
429,2.5121243167694893,-0.10757630832425485,darkred
430,4.268449414967832,1.34172808784586,darkred
431,5.353248909968652,2.842459730850807,darkred
432,4.47901853266366,1.1578741486775814,darkred
433,0.6139611935508246,-0.26178963330197424,darkred
434,3.7360646083350586,0.6322053697619888,darkred
435,2.502366865862999,-0.003012855751602192,darkred
436,5.051139464634654,2.9428307120899158,darkred
437,4.12553922789072,0.9862011322103061,darkred
438,0.6452862407713894,-0.40143660707773143,darkred
439,1.880122115542145,0.046701595124194084,darkred
440,0.6781069861926767,-0.26922301932016546,darkred
441,4.577179836085839,1.8810753133821805,darkred
442,0.961593135964369,-0.2830096522894733,darkred
443,4.2153498606820605,1.2863873789681528,darkred
444,0.5483348571975911,-0.5759692638751721,darkred
445,4.628065344265881,1.967966683037555,darkred
446,5.162122113767804,2.5659059052326465,darkred
447,0.7243559734189737,-0.24158772526050712,darkred
448,1.0544432690837398,-0.22180731473582666,darkred
449,2.8353365286175336,-0.4121627889372148,darkred
450,1.5780144410879124,-2.42922725020649,darkblue
451,1.8452401799068363,-2.549891455216939,darkblue
452,0.16016606102011877,-0.16203278894547624,darkblue
453,0.5475306518731018,-0.8608801693231433,darkblue
454,3.8351521637274644,-3.4997713941879476,darkblue
455,0.3820482687472509,-0.9983482515928912,darkblue
456,0.4222365071987346,-1.3384750291186265,darkblue
457,0.7839227920333622,-1.8406545935054683,darkblue
458,3.50174756593,-2.7246608548981888,darkblue
459,3.770938928730375,-3.0270568263925015,darkblue
460,1.4790682848005758,-2.0740357707005077,darkblue
461,4.378067126837273,-3.1333690421257474,darkblue
462,3.7401003655181793,-3.18442385559309,darkblue
463,0.719636051237022,-1.6466946328657435,darkblue
464,3.755027064273702,-3.103020889092294,darkblue
465,2.555721229537734,-3.038432662859001,darkblue
466,2.243946323897573,-3.0380076458284324,darkblue
467,4.352519939831089,-3.1931467638389335,darkblue
468,4.824917660002497,-3.0208255345665256,darkblue
469,3.527512201074509,-2.8933788073480797,darkblue
470,0.9948694735630507,-1.5233445732827935,darkblue
471,3.185260443839085,-2.739377754163885,darkblue
472,2.2521873413766085,-2.6469779797825717,darkblue
473,0.25152515612310666,-0.16237121139971056,darkblue
474,0.301967349882415,-1.8584283413413107,darkblue
475,1.0693589822463276,-1.9136312684118288,darkblue
476,3.3729418527561497,-2.9571858933989703,darkblue
477,4.906818533704596,-3.0239110074254745,darkblue
478,0.45671307907740966,-1.6871343766152298,darkblue
479,3.377303028266839,-3.2363616299468645,darkblue
480,1.8260812810606597,-2.846674318882724,darkblue
481,5.113888135443601,-2.5875484277267358,darkblue
482,1.1875604790190628,-1.614836383706795,darkblue
483,1.2866607684508649,-2.7294709924286735,darkblue
484,0.9357788372511961,-1.79922496127604,darkblue
485,0.8170110954368052,-2.3995006790103064,darkblue
486,0.4756305618666791,-1.5319237125968659,darkblue
487,0.476029225791643,-0.9743729349124611,darkblue
488,-0.18399697075365956,-0.6628311045332727,darkblue
489,0.4584371605558874,-0.9804003947787249,darkblue
490,2.1861059488627013,-2.5721986524962848,darkblue
491,0.07559591629247822,-0.1685701218642462,darkblue
492,4.554582070552291,-2.814906637734926,darkblue
493,4.776913862945091,-2.6528538325807984,darkblue
494,0.45857042156511774,-0.9586826579711653,darkblue
495,2.6533187901183943,-3.1868798940562555,darkblue
496,4.326088467893394,-2.9678982036553663,darkblue
497,1.164363845802887,-1.8213817987009515,darkblue
498,4.7934481419399155,-2.9274275388112616,darkblue
499,0.18792717429513173,-0.9957746454151648,darkblue
500,1.2863419291225537,-1.9763503442627492,darkblue
501,4.670774248376227,-2.5589000643486015,darkblue
502,0.39640615651457334,-1.0328076663129209,darkblue
503,1.0790767874982634,-1.9301993710130312,darkblue
504,3.9716739249703714,-2.7249228651284265,darkblue
505,0.8022899462443499,-1.6021251422254712,darkblue
506,0.6918017729126922,-1.4683882306561802,darkblue
507,-0.059277434443292046,-0.959252528695175,darkblue
508,2.84714393310873,-3.27333676358666,darkblue
509,5.348600335781311,-3.131114938578174,darkblue
510,5.823138379757467,-2.9590865318290445,darkblue
511,4.857754349358956,-2.9000342576353972,darkblue
512,1.5852731296133427,-2.517464612850544,darkblue
513,5.095830101183805,-2.4906675614924523,darkblue
514,0.8737958146570232,-1.8585827233356411,darkblue
515,0.8163032068357916,-1.8780832069505262,darkblue
516,3.073237318425991,-3.0304740115692734,darkblue
517,4.136358226700935,-2.8921238129938844,darkblue
518,1.1486811667810526,-2.141190376416371,darkblue
519,1.5726193877361936,-2.2905911755180712,darkblue
520,5.780922140674788,-2.5609033346525556,darkblue
521,3.434749147783592,-3.1297172113444267,darkblue
522,5.712797671553932,-2.783505191013724,darkblue
523,2.2161177043711398,-2.6478190586393593,darkblue
524,-0.0012912438405885962,-0.47623641760554847,darkblue
525,5.316447812582728,-2.959725181276863,darkblue
526,1.0337408287427006,-2.564563999599049,darkblue
527,-0.010147661722214013,-0.5212385273195437,darkblue
528,0.22418822902499694,-0.907297455286578,darkblue
529,5.016481170902784,-2.8001321286453655,darkblue
530,4.232651016620059,-2.8384810332364663,darkblue
531,3.51855044283327,-3.1443937553713246,darkblue
532,5.3077315290002165,-2.828444016596025,darkblue
533,1.9453377567829175,-2.1510563620088723,darkblue
534,0.4206025818618625,-1.1262762755116955,darkblue
535,0.2622217858727105,-1.0921876121573222,darkblue
536,0.44826915408543566,-0.7252427172733643,darkblue
537,2.5339054267497785,-2.7615937358996487,darkblue
538,0.3276029212783722,-1.1091301262763935,darkblue
539,2.6800243924040443,-2.8366955815524033,darkblue
540,0.3253327540687956,-0.92900674544289,darkblue
541,4.567366644929407,-2.9224391446891165,darkblue
542,4.486664785299375,-2.638278489859986,darkblue
543,2.5279775963760076,-2.8711017384605904,darkblue
544,3.5844414820378687,-3.137248593756387,darkblue
545,0.05289227750839656,-0.6811467022695368,darkblue
546,3.2156130676843566,-2.934436111331474,darkblue
547,1.4922868722454465,-2.2567215982621622,darkblue
548,1.1271395680949938,-2.0473911528681574,darkblue
549,1.6613141070233033,-2.5435834475352412,darkblue
550,1.987303016289199,-2.8835752333127718,darkblue
551,0.914091444343565,-2.2698644396354206,darkblue
552,-0.07412631442657591,-0.881118557157459,darkblue
553,0.35164209504759913,-1.6116664930943099,darkblue
554,2.72883698996795,-2.6991675873338057,darkblue
555,1.5853759568994075,-2.372643743013406,darkblue
556,4.202106390273916,-2.9089613496345503,darkblue
557,0.9848724673436807,-1.8979861226809098,darkblue
558,3.403911224829393,-3.0670439273975463,darkblue
559,2.1016234022205817,-2.3345194701764815,darkblue
560,2.0224252520893216,-3.00129642944696,darkblue
561,2.0157329771342116,-2.5131476827982677,darkblue
562,0.4065463009233758,-0.6002070899468895,darkblue
563,3.3836163199626204,-3.184193462593099,darkblue
564,0.5519725241319358,-0.9353462336913353,darkblue
565,0.36600553777063055,-1.6631121353753384,darkblue
566,0.9047697037081164,-1.7527817929994112,darkblue
567,4.064281300895664,-3.099928362445804,darkblue
568,3.2529881768582105,-2.91229766816466,darkblue
569,-0.23307253596453376,-0.557921357907144,darkblue
570,0.16687613968133272,-0.9709460144213754,darkblue
571,2.244672152870776,-2.517079465343222,darkblue
572,4.530077535197012,-2.8903488790339624,darkblue
573,0.06226670760103422,-0.7450641010635539,darkblue
574,0.11875734100193763,-0.612982484415597,darkblue
575,3.687199178328508,-3.1228172499902183,darkblue
576,2.705258554455744,-2.9860994523344453,darkblue
577,3.6405305811274515,-3.0843290104881906,darkblue
578,3.7841715041339143,-3.0466909337781063,darkblue
579,1.2527221550244931,-2.0324879387838823,darkblue
580,3.3723108914349744,-3.0405980935488772,darkblue
581,5.251968313972487,-2.684665641328139,darkblue
582,3.573774377790096,-3.205927389589272,darkblue
583,0.24893376531585532,-0.5526009648823476,darkblue
584,2.4976994536409745,-2.7815121981763475,darkblue
585,1.1767049125625078,-2.523687716715741,darkblue
586,5.204436358678782,-2.8410467661179073,darkblue
587,3.1031675965462377,-3.116918021926165,darkblue
588,0.02537323346790557,-0.9642130649896348,darkblue
589,0.8068112008140957,-1.2699172659060785,darkblue
590,0.02581066922645059,-0.8720124242311282,darkblue
591,3.941140644794112,-2.959072878014241,darkblue
592,0.27896433956409433,-0.9246173544389082,darkblue
593,3.509100298236632,-3.4415354229063335,darkblue
594,0.20999262122632995,-0.8420512261634605,darkblue
595,3.9119986948790952,-2.7436899165596875,darkblue
596,5.106412791872,-3.009798867033061,darkblue
597,0.16394898896384882,-0.7344020850266593,darkblue
598,0.3319075353211688,-0.9166025475775978,darkblue
599,1.5390760878039484,-2.5574990403421656,darkblue
600,-1.0556462914036375,-2.5608745153586305,darkred
601,-1.2906249818770168,-2.9989241845170063,darkred
602,-0.17201845967144058,-0.04190124124580277,darkred
603,-0.38782637832661176,-0.6310045188367464,darkred
604,-0.2895839914321112,-5.036890111283251,darkred
605,-0.8016941778155001,-0.7602055524862283,darkred
606,-1.089042789941824,-1.120863260807461,darkred
607,-0.8722143216114986,-1.6434688564667488,darkred
608,-0.7773558237901734,-4.527175435329194,darkred
609,-0.6042872904107169,-5.018699416145558,darkred
610,-1.0666389131209828,-2.161506069129113,darkred
611,-0.08115531237276055,-5.310019640369362,darkred
612,-0.5514319904197882,-5.01022872254669,darkred
613,-1.1344038364498805,-1.488771444386232,darkred
614,-0.6074041540941031,-5.068221046262292,darkred
615,-1.0901346783604546,-3.949142674328377,darkred
616,-1.0490295580682951,-3.6121170610880213,darkred
617,-0.14355418112532126,-5.45816325293265,darkred
618,0.19899217841088196,-5.645311142491191,darkred
619,-0.48459619231655465,-4.260135943812293,darkred
620,-0.8595440224758568,-1.3655080367222716,darkred
621,-1.009752721486582,-4.3922060159730885,darkred
622,-1.1483599944608458,-3.3149785245837253,darkred
623,-0.4116498664061151,0.034212758272408994,darkred
624,-1.386611107055288,-1.666775886548614,darkred
625,-1.1334750271562424,-1.857691059518305,darkred
626,-0.6878533449111686,-4.395481520383127,darkred
627,0.2882826035473195,-5.625402307515624,darkred
628,-1.0016978872289484,-1.4638035347489347,darkred
629,-0.7985240264243736,-4.856809959343141,darkred
630,-1.2217397438783841,-3.2314020403576547,darkred
631,0.4239866170135307,-5.429187280546959,darkred
632,-0.8405677029411927,-1.5024863388685359,darkred
633,-1.3401044256490597,-2.8575406142684936,darkred
634,-0.9197326859610337,-1.6416433683177614,darkred
635,-1.3819506672773594,-2.3421917226745093,darkred
636,-0.6736618391510438,-1.2936911754201974,darkred
637,-0.23311724750788648,-0.7703443466287375,darkred
638,-0.64314249149632,-0.5085254810332313,darkred
639,-0.47425073603661394,-0.7507267997166243,darkred
640,-1.037893113497733,-3.089703908979308,darkred
641,-0.312850837013335,-0.03252998675953833,darkred
642,-0.012534261335277498,-5.265825851625362,darkred
643,0.17575138348981142,-5.201705269354757,darkred
644,-0.46342181238698466,-0.7298431270550935,darkred
645,-1.1102280115337442,-4.230270003602439,darkred
646,-0.06827949126551536,-4.999903786038509,darkred
647,-1.047952044494254,-1.7688161898433306,darkred
648,0.3071771694530625,-5.168453421381927,darkred
649,-1.0066505512260377,-0.7577419608024634,darkred
650,-1.0500786288170108,-1.9709960179472443,darkred
651,0.04060533609140851,-5.19676220151464,darkred
652,-0.5253215948520209,-0.8039892551469199,darkred
653,-0.7708113661108802,-1.7713164619553492,darkred
654,-0.20645320283244056,-4.349220574829354,darkred
655,-0.7991691917494468,-1.3964088987310792,darkred
656,-0.6283760664868916,-1.234477782919477,darkred
657,-0.612455121609619,-0.7835649802725357,darkred
658,-1.04117109321871,-4.470978973915449,darkred
659,0.5228873915608276,-6.6398802410233095,darkred
660,0.9926074179051475,-6.503238143889508,darkred
661,0.20520842987184348,-5.610656305174714,darkred
662,-1.050681962661334,-2.6503066263757438,darkred
663,0.32120761786940566,-5.695196882755869,darkred
664,-1.3032165073902888,-1.7936177417194716,darkred
665,-0.741659700598848,-1.6662921060121074,darkred
666,-0.9237794577201065,-4.375663582558447,darkred
667,-0.3485293381170046,-5.129793282230938,darkred
668,-0.9713974185127747,-2.057174638346822,darkred
669,-1.1019045152778912,-2.4438447745637744,darkred
670,0.9646059168113092,-6.0050304435188995,darkred
671,-0.753675983864197,-4.771357308533979,darkred
672,0.8881848439784491,-6.284419620626407,darkred
673,-0.9972953266736154,-3.156875461229742,darkred
674,-0.3703225120610824,-0.3455473493790751,darkred
675,0.582547645966574,-5.975480395962309,darkred
676,-1.5910350835476383,-2.6916051590872656,darkred
677,-0.388096251137181,-0.3880736976821278,darkred
678,-0.42158354036321743,-0.7137286155720117,darkred
679,0.42211733303576965,-5.328897459707046,darkred
680,-0.12648739040813595,-4.796943636423792,darkred
681,-0.6845104901215979,-4.81098990249895,darkred
682,0.5765453078860371,-5.832692546668545,darkred
683,-0.8927033099066192,-2.3979073906903405,darkred
684,-0.42224060254655094,-0.9048277340535638,darkred
685,-1.1308703303734717,-0.8630692765323497,darkred
686,-0.22735257645966644,-0.5265688133549717,darkred
687,-1.0036703592385257,-3.5599270432588774,darkred
688,-0.4273691587864682,-0.8984256458353987,darkred
689,-0.7388750388335438,-3.521430933638494,darkred
690,-0.7194789428120905,-0.6929289686436361,darkred
691,0.08276976233431055,-5.159404265510299,darkred
692,-0.07529469732716962,-5.074913373548024,darkred
693,-1.005787737653192,-3.6656373517827965,darkred
694,-0.7218976186517316,-4.991225385079483,darkred
695,-0.46574908779027924,-0.5129308159133719,darkred
696,-0.5326181244882091,-3.959892606765805,darkred
697,-0.9453058140238286,-2.294123993893549,darkred
698,-0.9844833700427347,-1.9606448848643523,darkred
699,-1.2934064601508772,-2.864539938174151,darkred
700,-1.2761728990262042,-3.433142957783315,darkred
701,-1.2959678348076549,-2.2164927416345988,darkred
702,-0.6970339317919917,-0.6916763140615707,darkred
703,-1.1292005301857513,-1.3906490888189602,darkred
704,-1.0031379601238257,-3.7058143404309143,darkred
705,-1.3607885599138556,-2.687950093147222,darkred
706,-0.29687318689842523,-5.181158843619594,darkred
707,-0.9835157219093511,-1.768816791560412,darkred
708,-0.6994401931293946,-4.570464380525345,darkred
709,-1.0953330950147853,-2.8305649420943233,darkred
710,-1.3262290299752413,-3.6231232262379294,darkred
711,-0.8882267455137378,-2.8010890511663664,darkred
712,-0.07203237368477294,-0.441212398449063,darkred
713,-0.7601623784815601,-4.751894381255862,darkred
714,-0.5681139088216469,-0.6973478135640141,darkred
715,-0.8825964209587787,-1.4262107346406687,darkred
716,-1.1394871299471712,-1.6451862723739108,darkred
717,-0.15123215636786774,-4.788050246339046,darkred
718,-0.5949382431670676,-4.058352329969834,darkred
719,-0.742680333483404,-0.3917325613739437,darkred
720,-0.5981266205306772,-0.7588788319319635,darkred
721,-0.9671172821098548,-3.0248455619931685,darkred
722,-0.061788668768409195,-5.411804316881886,darkred
723,-0.31292699699200033,-0.6126608417460815,darkred
724,-0.494114364439892,-0.4254110855193442,darkred
725,-0.47908993617888995,-4.727395408550284,darkred
726,-0.9278297263576739,-3.8830965950013447,darkred
727,-0.4410581375364068,-4.554131463211694,darkred
728,-0.6039617290567831,-5.065441288926296,darkred
729,-1.0474930223326855,-2.012771754000864,darkred
730,-0.7994751468147564,-4.654304468501286,darkred
731,0.5463305443319294,-5.5857595418839,darkred
732,-0.5873435043733695,-4.801962732572736,darkred
733,-0.19300069344284784,-0.40256700838903403,darkred
734,-1.043936378696084,-3.5839033254437944,darkred
735,-1.6606280552434118,-2.7701080870723938,darkred
736,0.42029794641749785,-6.095083992851698,darkred
737,-0.9018778687387172,-4.4735466986907335,darkred
738,-0.7831272540816486,-0.7466436741368528,darkred
739,-0.8809977309347063,-1.0781294800489427,darkred
740,-0.8338563291218901,-0.6488125054332711,darkred
741,-0.47535706211382,-5.039007581896566,darkred
742,-0.6297558381709836,-0.6968671498078384,darkred
743,-0.8508978250600312,-5.401754499894575,darkred
744,-0.19671471988786834,-0.7011107494328994,darkred
745,-0.43961608587957457,-4.686859533133326,darkred
746,0.3845191310768325,-5.975487234369571,darkred
747,-0.5535291816017629,-0.5291046028705647,darkred
748,-0.6431302165220733,-0.6840091585401109,darkred
749,-0.9665346255870875,-2.6258636141398464,darkred
750,-2.589396611898034,-0.4158547460620148,darkblue
751,-3.3627881726155047,-0.602798057657066,darkblue
752,-0.250411310425452,0.30252974674810457,darkblue
753,-0.699768248555348,0.28027362653313415,darkblue
754,-3.81162924780335,-2.3965531039680554,darkblue
755,-1.2408827797052533,0.3645484192348311,darkblue
756,-1.7224764900110654,0.268410557879757,darkblue
757,-1.6011029466115803,-0.14333762006477163,darkblue
758,-4.606128971430026,-1.9003368760543642,darkblue
759,-4.6441415566922455,-2.413162584476343,darkblue
760,-2.5156941003832802,-0.06662773019745716,darkblue
761,-4.322071801143642,-2.7337626802701176,darkblue
762,-4.406518637503297,-2.3855153443409174,darkblue
763,-2.003258082004763,0.1566755886643178,darkblue
764,-4.618094712167857,-2.459163929197004,darkblue
765,-3.8263350824863727,-1.3733194322157027,darkblue
766,-3.311328435308597,-1.1513660436269157,darkblue
767,-4.478739051715953,-2.898640966488856,darkblue
768,-4.50883451518177,-3.170744697527796,darkblue
769,-3.802434082272424,-1.6225251752628387,darkblue
770,-1.7286730445604268,0.2802065586845333,darkblue
771,-4.667135033042159,-1.7552510775239487,darkblue
772,-3.5477866375136204,-0.8144388436879488,darkblue
773,-0.604545153715365,0.698470069690631,darkblue
774,-2.1376839611027325,-0.14233584621406298,darkblue
775,-2.276599259213217,0.026154467597920603,darkblue
776,-4.092194391552338,-1.755554630078434,darkblue
777,-4.396202455507544,-3.144630078130136,darkblue
778,-1.6017542717844475,-0.11592685384465545,darkblue
779,-4.418293264547993,-2.2185046241576534,darkblue
780,-3.1922216861987547,-0.8746183560282857,darkblue
781,-4.50113463163974,-3.0181152558048185,darkblue
782,-1.8418307333772155,0.2648276680127091,darkblue
783,-2.8671185878089487,-0.7163902315218399,darkblue
784,-1.7896695023033056,0.004857438479766239,darkblue
785,-2.5218309542614956,-0.46086504139338624,darkblue
786,-1.094161405866315,-0.19787737773421077,darkblue
787,-0.44458658511781163,-0.0633810486556183,darkblue
788,-0.7613761701146309,-0.03879616333827696,darkblue
789,-0.7849204909995715,0.15819617615655177,darkblue
790,-3.2152928988238285,-0.6564115263317998,darkblue
791,-0.4082556870715005,0.3678394839778213,darkblue
792,-4.542535151219152,-2.7469672768612337,darkblue
793,-4.455051842465047,-2.7071108551106704,darkblue
794,-0.7690145169408987,0.16962911226155214,darkblue
795,-4.021663529727704,-1.6271006521534197,darkblue
796,-4.152440370975231,-2.400067953535339,darkblue
797,-2.199038986678077,0.12118476074629965,darkblue
798,-4.00252363811761,-2.6042180199114475,darkblue
799,-1.4517860533263258,0.37607014268963906,darkblue
800,-2.3079465335117924,-0.0020729552777859483,darkblue
801,-4.680770054123625,-2.725852402340496,darkblue
802,-0.8307891705120142,0.09524901869837044,darkblue
803,-1.6366148431501446,-0.12884445342649792,darkblue
804,-3.830704317597778,-1.7110596239122815,darkblue
805,-1.4913370067568914,0.06232145996071806,darkblue
806,-1.1448423424566458,0.002795918000441572,darkblue
807,-0.7635023271507069,-0.22315761955385993,darkblue
808,-4.149817838058035,-1.8461635473140146,darkblue
809,-5.036980634167513,-4.474976801111114,darkblue
810,-4.599640346660116,-4.353399786617154,darkblue
811,-4.589482662369352,-3.1602292510624443,darkblue
812,-2.5866772771271203,-0.5040017451938155,darkblue
813,-4.955050363324533,-3.4089051811360673,darkblue
814,-2.4247951378372194,0.0733756902205032,darkblue
815,-1.405214585662615,-0.2408803037995279,darkblue
816,-4.215314831519053,-1.7390989666763312,darkblue
817,-4.65465836290095,-2.564908500310413,darkblue
818,-2.046183960915947,-0.227796126301303,darkblue
819,-2.675914404090201,-0.27611378494923766,darkblue
820,-4.535793874833597,-3.813109906101706,darkblue
821,-4.398084249731786,-2.1339010181292815,darkblue
822,-4.6644825044959495,-4.11620005225643,darkblue
823,-3.1618659894643186,-0.7279259815385078,darkblue
824,-0.4597398982739022,0.035593360229853016,darkblue
825,-4.512860040246617,-3.621460257205962,darkblue
826,-3.116109010930945,-0.5515730186839146,darkblue
827,-0.4802484051609264,0.001908338573273577,darkblue
828,-0.6076129542454802,-0.06574471838177262,darkblue
829,-4.188110696037514,-2.8291713358633386,darkblue
830,-4.1297293787373155,-2.1870170086064813,darkblue
831,-4.357826305101938,-2.1747018212818356,darkblue
832,-4.5077134860813235,-3.474739026077197,darkblue
833,-2.6338214205928883,-0.14315235938036175,darkblue
834,-0.6912881963026158,-0.0759504920498274,darkblue
835,-1.690764781552119,0.43297048350828493,darkblue
836,-0.42521422978196866,0.1492912380073638,darkblue
837,-3.5868050279398185,-1.0145009896082606,darkblue
838,-0.6579806078514471,-0.14929442948175342,darkblue
839,-3.162299216115148,-1.0144903519173902,darkblue
840,-1.08534051250031,0.31380312603839366,darkblue
841,-4.222609517419206,-2.594383523172866,darkblue
842,-4.5904894802615654,-2.5526762812639365,darkblue
843,-3.5836679610332487,-1.1213657800495858,darkblue
844,-4.608690241010085,-2.3692739164833356,darkblue
845,-0.6044234258272989,0.014378275788505535,darkblue
846,-3.4206879676367143,-1.359921323251311,darkblue
847,-2.2938157938685486,-0.2631690762226472,darkblue
848,-2.052403645077034,-0.13690624293874287,darkblue
849,-3.1599243700495143,-0.5516418446574954,darkblue
850,-3.501881755545117,-0.9839553741881538,darkblue
851,-2.4451572241607167,-0.3279551320254503,darkblue
852,-0.8741822029352406,-0.06516154705921279,darkblue
853,-1.7433234823918964,-0.025146773451379723,darkblue
854,-3.866596665782843,-1.1093592657918303,darkblue
855,-3.2179291867782407,-0.3791988838104544,darkblue
856,-4.639670489439938,-2.6230716135736976,darkblue
857,-1.9383481551414337,-0.04268475601358135,darkblue
858,-4.181575115313612,-1.929914759356959,darkblue
859,-3.2400639339953896,-0.40843332227033513,darkblue
860,-3.658763867205582,-1.1413022618846398,darkblue
861,-2.699537186616266,-0.5130665887914411,darkblue
862,-0.19682011548097,0.04740286861858292,darkblue
863,-4.318230400169628,-2.112057260315144,darkblue
864,-0.9730304263508267,0.3737635154311676,darkblue
865,-1.357873283393182,-0.24755004171523065,darkblue
866,-2.1534653022561674,0.1331306465373173,darkblue
867,-3.8493893818609366,-2.1529141324385477,darkblue
868,-3.638353505630541,-1.4396498722671076,darkblue
869,-0.8781795512884024,0.12687980384638242,darkblue
870,-0.8330109949739162,-0.0005708182176152043,darkblue
871,-3.129724957192911,-0.59656513600605,darkblue
872,-4.664516157444027,-2.910230327337999,darkblue
873,-0.4042315197211776,-0.22540843933477003,darkblue
874,-0.6674144703404272,0.19164793135824526,darkblue
875,-4.080351514945347,-2.0885412833869808,darkblue
876,-3.645592770913465,-1.3106078459913066,darkblue
877,-3.8831460512021834,-1.913730638913971,darkblue
878,-4.67360008283417,-2.463689967583754,darkblue
879,-2.2737139892256404,-0.06655472333886178,darkblue
880,-4.411387855391582,-2.0157568378683526,darkblue
881,-4.4373227347059085,-3.1935696177255006,darkblue
882,-4.178622522943945,-2.162844346427913,darkblue
883,-0.3055296794277098,0.050371708495054304,darkblue
884,-3.6326792375158825,-1.0372533100469314,darkblue
885,-3.4010011919853818,-0.5157162147414139,darkblue
886,-4.902760979100854,-3.827534148613944,darkblue
887,-4.20737683739463,-1.8364067490797442,darkblue
888,-1.0368836022152434,0.05123927090321992,darkblue
889,-1.6315409315840954,0.4457361468532416,darkblue
890,-1.1105201351283651,0.19516776106981978,darkblue
891,-4.611805660629509,-2.446446423625718,darkblue
892,-0.9290942566090455,0.19084847378981207,darkblue
893,-4.8560823418105,-2.7920534726270154,darkblue
894,-0.29786231235161,-0.2827278580092568,darkblue
895,-4.425924437080366,-2.075000982591376,darkblue
896,-4.662271613010922,-3.6045189888203337,darkblue
897,-0.768432417079947,0.18555516289130972,darkblue
898,-0.9742247740182838,0.2621275631549389,darkblue
899,-2.3778486768796854,-0.5544024364600528,darkblue
